City_ID,City,Country,Date,Lat,Lng,Max Temp,Humidity,Cloudiness,Wind Speed
0,Tiksi,RU,2021-10-23 00:39:30,71.6872,128.8694,3.6,99,100,2.28
1,Sibolga,ID,2021-10-23 00:39:31,1.7427,98.7792,79.97,76,85,2.15
2,Klamath Falls,US,2021-10-23 00:36:40,42.2249,-121.7817,48.87,72,40,1.01
3,Hobart,AU,2021-10-23 00:37:22,-42.8794,147.3294,56.01,93,75,1.99
4,Urumqi,CN,2021-10-23 00:39:32,43.801,87.6005,36.55,81,75,8.95
5,Mahebourg,MU,2021-10-23 00:39:32,-20.4081,57.7,72.25,100,75,3.44
6,Georgetown,MY,2021-10-23 00:39:32,5.4112,100.3354,80.53,88,20,1.01
7,Tibati,CM,2021-10-23 00:39:33,6.4667,12.6333,66.49,97,100,0.85
8,Iisalmi,FI,2021-10-23 00:39:33,63.5592,27.1907,33.82,90,100,12.44
9,Nsoko,SZ,2021-10-23 00:39:34,-27.0333,31.95,77.14,79,0,0.31
10,Namibe,AO,2021-10-23 00:39:34,-15.1961,12.1522,64.38,71,93,11.54
11,Otane,NZ,2021-10-23 00:39:34,-39.8833,176.6333,59.38,51,100,9.75
12,Albany,US,2021-10-23 00:37:12,42.6001,-73.9662,49.95,76,8,5.55
13,Kijang,KR,2021-10-23 00:39:35,35.2442,129.2139,55.13,52,0,7.78
14,Mayo,US,2021-10-23 00:39:36,38.8876,-76.5119,63.48,84,20,0.0
15,Klaksvik,FO,2021-10-23 00:39:36,62.2266,-6.589,45.52,75,100,24.72
16,Bluff,NZ,2021-10-23 00:39:36,-46.6,168.3333,57.09,65,99,9.53
17,Ribeira Grande,PT,2021-10-23 00:39:37,38.5167,-28.7,69.49,84,10,9.71
18,Carnarvon,AU,2021-10-23 00:39:37,-24.8667,113.6333,75.27,38,0,17.27
19,Arteche,PH,2021-10-23 00:39:38,12.2645,125.4048,78.22,87,100,5.99
20,New Norfolk,AU,2021-10-23 00:39:38,-42.7826,147.0587,55.65,87,100,0.81
21,Poronaysk,RU,2021-10-23 00:39:38,49.2167,143.1167,43.5,52,16,9.15
22,Atuona,PF,2021-10-23 00:39:39,-9.8,-139.0333,77.9,79,23,16.69
23,Rio Cuarto,AR,2021-10-23 00:39:39,-33.1307,-64.3499,62.37,82,75,13.8
24,Hithadhoo,MV,2021-10-23 00:39:40,-0.6,73.0833,82.02,73,100,11.52
25,Kodiak,US,2021-10-23 00:39:40,57.79,-152.4072,44.11,76,90,18.41
26,Busselton,AU,2021-10-23 00:39:40,-33.65,115.3333,62.04,59,0,4.9
27,Tura,IN,2021-10-23 00:39:41,25.5198,90.2201,66.04,80,0,3.53
28,Longyearbyen,SJ,2021-10-23 00:39:42,78.2186,15.6401,15.64,79,20,3.44
29,Aleksandrovsk-Sakhalinskiy,RU,2021-10-23 00:39:42,50.8975,142.1561,41.5,69,98,12.41
30,Kapaa,US,2021-10-23 00:37:14,22.0752,-159.319,82.38,78,75,5.01
31,Supaul,IN,2021-10-23 00:39:43,26.1167,86.6,72.39,82,52,5.37
32,Ahuimanu,US,2021-10-23 00:39:43,21.4447,-157.8378,87.51,63,40,12.66
33,Margate,GB,2021-10-23 00:39:43,51.3813,1.3862,51.31,82,11,1.99
34,Bethel,US,2021-10-23 00:39:44,41.3712,-73.414,61.92,73,90,0.0
35,Qaanaaq,GL,2021-10-23 00:39:44,77.484,-69.3632,-0.62,64,0,8.3
36,Erzin,TR,2021-10-23 00:39:45,36.9559,36.2,52.52,36,0,2.82
37,Dingle,PH,2021-10-23 00:39:45,10.9995,122.6711,82.31,80,52,11.54
38,Valdivia,CL,2021-10-23 00:39:45,-39.8142,-73.2459,51.89,85,94,1.54
39,Athabasca,CA,2021-10-23 00:39:46,54.7169,-113.2854,47.23,46,100,14.25
40,Bilibino,RU,2021-10-23 00:39:46,68.0546,166.4372,-0.9,97,98,2.08
41,Vaini,TO,2021-10-23 00:39:47,-21.2,-175.2,78.96,78,40,12.66
42,Anadyr,RU,2021-10-23 00:39:47,64.75,177.4833,12.7,85,90,13.0
43,Kavaratti,IN,2021-10-23 00:39:48,10.5669,72.642,81.82,76,40,3.78
44,Melito Di Porto Salvo,IT,2021-10-23 00:39:48,37.9222,15.7714,73.15,82,75,5.75
45,Qasigiannguit,GL,2021-10-23 00:39:49,68.8193,-51.1922,3.76,75,31,7.61
46,Punta Arenas,CL,2021-10-23 00:38:34,-53.15,-70.9167,39.31,81,20,26.46
47,Faya,SA,2021-10-23 00:39:49,18.3851,42.4509,55.92,35,98,6.06
48,Weligama,LK,2021-10-23 00:39:50,5.9667,80.4167,78.33,79,98,5.14
49,Bandarbeyla,SO,2021-10-23 00:39:50,9.4942,50.8122,76.3,82,21,3.44
50,Mayumba,GA,2021-10-23 00:39:51,-3.432,10.6554,77.09,88,100,5.53
51,Petropavlovsk-Kamchatskiy,RU,2021-10-23 00:39:51,53.0452,158.6483,36.19,65,75,4.47
52,Tecoanapa,MX,2021-10-23 00:39:52,16.5167,-98.75,75.16,92,100,9.17
53,Esperance,AU,2021-10-23 00:39:52,-33.8667,121.9,60.64,57,6,7.11
54,Puerto Ayora,EC,2021-10-23 00:39:53,-0.7393,-90.3518,69.94,86,24,8.3
55,Sayyan,YE,2021-10-23 00:39:53,15.1718,44.3244,52.88,40,9,8.86
56,Bengkulu,ID,2021-10-23 00:39:54,-3.8004,102.2655,79.02,80,89,1.52
57,Souillac,MU,2021-10-23 00:39:54,-20.5167,57.5167,72.36,100,75,3.44
58,Khandbari,NP,2021-10-23 00:39:54,27.3747,87.2039,64.0,95,99,0.6
59,Vardo,NO,2021-10-23 00:39:55,70.3705,31.1107,35.29,59,100,20.69
60,Thompson,CA,2021-10-23 00:39:55,55.7435,-97.8558,33.96,80,90,6.91
61,Seoul,KR,2021-10-23 00:39:56,37.5683,126.9778,53.04,73,0,1.14
62,Yellowknife,CA,2021-10-23 00:39:56,62.456,-114.3525,43.41,67,40,19.57
63,Saint-Philippe,RE,2021-10-23 00:39:56,-21.3585,55.7679,72.95,81,33,7.99
64,Bucerias,MX,2021-10-23 00:36:03,20.75,-105.3333,87.78,70,75,5.75
65,Avarua,CK,2021-10-23 00:39:57,-21.2078,-159.775,75.25,60,20,8.05
66,Shuiji,CN,2021-10-23 00:39:57,27.4214,118.345,53.29,96,100,2.1
67,Raudeberg,NO,2021-10-23 00:39:58,61.9875,5.1352,43.47,73,92,3.0
68,Tamale,GH,2021-10-23 00:39:58,9.4008,-0.8393,76.51,86,100,5.14
69,Clyde River,CA,2021-10-23 00:36:30,70.4692,-68.5914,21.0,75,100,6.22
70,Mataura,NZ,2021-10-23 00:39:59,-46.1927,168.8643,71.69,40,99,0.94
71,Bredasdorp,ZA,2021-10-23 00:39:59,-34.5322,20.0403,57.27,82,100,16.11
72,Pontianak,ID,2021-10-23 00:40:00,-0.0333,109.3333,75.18,94,40,4.61
73,Khatanga,RU,2021-10-23 00:40:00,71.9667,102.5,0.28,96,96,9.89
74,Arraial Do Cabo,BR,2021-10-23 00:40:01,-22.9661,-42.0278,69.76,88,40,6.91
75,Saint-Augustin,CA,2021-10-23 00:40:01,51.226,-58.6502,43.5,68,100,7.76
76,Hermanus,ZA,2021-10-23 00:40:02,-34.4187,19.2345,57.79,87,100,27.0
77,Castro,BR,2021-10-23 00:40:03,-24.7911,-50.0119,56.19,79,0,3.71
78,Port Elizabeth,ZA,2021-10-23 00:40:04,-33.918,25.5701,61.09,67,0,3.44
79,Bilma,NE,2021-10-23 00:40:04,18.6853,12.9164,80.02,18,0,7.78
80,Khuzdar,PK,2021-10-23 00:40:05,27.7384,66.6434,58.46,23,0,9.48
81,Hay River,CA,2021-10-23 00:35:58,60.8156,-115.7999,44.58,57,75,13.8
82,Ponta Do Sol,PT,2021-10-23 00:40:06,32.6667,-17.1,68.63,68,49,7.74
83,Deogarh,IN,2021-10-23 00:40:06,21.5333,84.7333,66.7,68,0,2.71
84,Copiapo,CL,2021-10-23 00:40:07,-27.3667,-70.3333,53.29,66,58,3.38
85,Port Alfred,ZA,2021-10-23 00:40:07,-33.5906,26.891,61.41,85,2,9.89
86,Yaan,NG,2021-10-23 00:40:07,7.3833,8.5667,71.94,97,100,4.16
87,Lata,PT,2021-10-23 00:40:08,40.1629,-8.3327,66.61,69,0,3.83
88,Walvis Bay,NA,2021-10-23 00:40:08,-22.9575,14.5053,52.75,87,0,5.75
89,Victoria,HK,2021-10-23 00:38:06,22.2855,114.1577,68.25,78,88,3.0
90,Rikitea,PF,2021-10-23 00:40:09,-23.1203,-134.9692,74.1,82,11,20.78
91,Qixingtai,CN,2021-10-23 00:40:09,30.4135,111.8874,57.79,56,8,3.22
92,Touros,BR,2021-10-23 00:40:10,-5.1989,-35.4608,81.5,80,34,10.42
93,Upernavik,GL,2021-10-23 00:40:10,72.7868,-56.1549,21.18,77,100,5.79
94,San Patricio,US,2021-10-23 00:40:11,28.017,-97.5169,80.69,75,94,10.63
95,Jamestown,US,2021-10-23 00:38:11,42.097,-79.2353,46.29,81,75,3.44
96,Ushuaia,AR,2021-10-23 00:37:08,-54.8,-68.3,42.46,70,20,8.05
97,Hurghada,EG,2021-10-23 00:40:11,27.2574,33.8129,70.99,61,1,17.63
98,Tuktoyaktuk,CA,2021-10-23 00:40:12,69.4541,-133.0374,33.8,93,75,12.66
99,Natal,BR,2021-10-23 00:40:12,-5.795,-35.2094,81.25,83,40,9.22
100,Barrow,US,2021-10-23 00:40:13,71.2906,-156.7887,30.22,86,90,5.75
101,Kruisfontein,ZA,2021-10-23 00:40:13,-34.0033,24.7314,59.07,68,99,7.54
102,Siyabuswa,ZA,2021-10-23 00:40:14,-25.1132,29.0445,65.23,41,0,1.57
103,Pevek,RU,2021-10-23 00:40:14,69.7008,170.3133,12.85,90,100,6.76
104,Sao Filipe,CV,2021-10-23 00:40:15,14.8961,-24.4956,80.71,65,0,4.99
105,Rocha,UY,2021-10-23 00:40:15,-34.4833,-54.3333,58.26,84,100,4.47
106,Severo-Kurilsk,RU,2021-10-23 00:40:15,50.6789,156.125,41.86,69,53,10.63
107,Kovvur,IN,2021-10-23 00:40:16,17.0167,81.7333,79.05,94,20,4.61
108,Beinamar,TD,2021-10-23 00:40:16,8.6698,15.3813,71.64,91,25,1.66
109,Southbridge,US,2021-10-23 00:40:14,42.0751,-72.0334,61.05,75,100,6.38
110,Chapais,CA,2021-10-23 00:40:17,49.7834,-74.8492,29.98,80,100,3.38
111,Neropolis,BR,2021-10-23 00:40:17,-16.4064,-49.2186,77.88,64,29,3.49
112,Olafsvik,IS,2021-10-23 00:40:18,64.8945,-23.7142,44.83,95,100,8.66
113,Nikolskoye,RU,2021-10-23 00:40:18,59.7035,30.7861,45.88,74,100,12.84
114,Vila Franca Do Campo,PT,2021-10-23 00:40:19,37.7167,-25.4333,70.21,84,93,6.31
115,Da Nang,VN,2021-10-23 00:35:31,16.0678,108.2208,73.38,94,75,8.05
116,Zhangye,CN,2021-10-23 00:40:19,38.9342,100.4517,47.14,36,48,2.91
117,Isla Mujeres,MX,2021-10-23 00:40:20,21.2311,-86.731,80.17,78,94,11.54
118,Nybro,SE,2021-10-23 00:38:54,56.7446,15.9071,42.04,80,99,9.6
119,Sinnamary,GF,2021-10-23 00:40:21,5.3833,-52.95,77.81,89,82,11.12
120,Bubaque,GW,2021-10-23 00:40:21,11.2833,-15.8333,83.14,76,76,11.81
121,Trat,TH,2021-10-23 00:40:22,12.5,102.5,80.98,94,100,4.97
122,Hilo,US,2021-10-23 00:39:01,19.7297,-155.09,83.28,73,75,10.36
123,Mar Del Plata,AR,2021-10-23 00:36:13,-38.0023,-57.5575,56.08,86,90,5.01
124,Guerrero Negro,MX,2021-10-23 00:35:31,27.9769,-114.0611,67.66,79,0,16.98
125,Cape Town,ZA,2021-10-23 00:39:28,-33.9258,18.4232,58.08,85,75,5.01
126,Faanui,PF,2021-10-23 00:40:23,-16.4833,-151.75,78.39,84,65,22.28
127,Acapulco,MX,2021-10-23 00:40:23,16.8634,-99.8901,78.62,89,90,10.36
128,Kiunga,PG,2021-10-23 00:40:24,-6.1219,141.2906,87.22,60,86,3.36
129,Avon Park,US,2021-10-23 00:40:24,27.5959,-81.5062,80.02,88,47,6.67
130,Vanimo,PG,2021-10-23 00:40:25,-2.6741,141.3028,84.92,63,100,4.07
131,Saskylakh,RU,2021-10-23 00:40:25,71.9167,114.0833,-12.68,100,87,2.77
132,Geraldton,AU,2021-10-23 00:40:25,-28.7667,114.6,67.12,59,0,8.05
133,Kharan,PK,2021-10-23 00:40:26,28.5833,65.4167,57.36,26,0,6.13
134,Bathsheba,BB,2021-10-23 00:40:26,13.2167,-59.5167,83.01,74,40,23.02
135,Luderitz,NA,2021-10-23 00:40:27,-26.6481,15.1594,55.08,87,0,7.54
136,Norman Wells,CA,2021-10-23 00:40:27,65.282,-126.8329,44.64,65,75,18.41
137,Matagami,CA,2021-10-23 00:40:27,49.7502,-77.6328,33.91,86,90,4.61
138,Baruun-Urt,MN,2021-10-23 00:40:28,46.6806,113.2792,34.92,46,28,10.11
139,Sorland,NO,2021-10-23 00:40:28,67.667,12.6934,40.8,51,100,2.53
140,Adrar,MR,2021-10-23 00:40:29,20.5022,-10.0711,73.35,22,95,8.14
141,Altamira,BR,2021-10-23 00:40:29,-3.2033,-52.2064,74.71,94,93,2.28
142,Lorengau,PG,2021-10-23 00:40:29,-2.0226,147.2712,85.48,67,58,8.19
143,Dunedin,NZ,2021-10-23 00:39:09,-45.8742,170.5036,60.8,61,81,8.99
144,Koslan,RU,2021-10-23 00:40:30,63.4564,48.8989,37.51,90,100,13.27
145,East London,ZA,2021-10-23 00:39:26,-33.0153,27.9116,62.74,82,95,7.83
146,Port Hedland,AU,2021-10-23 00:40:31,-20.3167,118.5667,95.05,14,0,8.05
147,Kohat,PK,2021-10-23 00:38:15,33.582,71.4493,60.87,31,0,4.74
148,Plettenberg Bay,ZA,2021-10-23 00:40:31,-34.0527,23.3716,60.89,67,100,6.29
149,Pisco,PE,2021-10-23 00:40:32,-13.7,-76.2167,61.02,82,0,18.41
150,Tilichiki,RU,2021-10-23 00:40:32,60.4667,166.1,9.81,80,17,6.29
151,Praia,CV,2021-10-23 00:40:32,14.9215,-23.5087,79.34,65,20,12.66
152,Caravelas,BR,2021-10-23 00:40:33,-17.7125,-39.2481,73.67,84,100,6.76
153,Damghan,IR,2021-10-23 00:40:33,36.1683,54.348,45.68,40,0,1.99
154,Peqin,AL,2021-10-23 00:40:34,41.0461,19.7511,60.66,67,100,3.83
155,Kavieng,PG,2021-10-23 00:40:34,-2.5744,150.7967,84.79,67,11,13.96
156,Axim,GH,2021-10-23 00:40:35,4.8699,-2.2405,77.2,87,100,6.58
157,Hasaki,JP,2021-10-23 00:40:35,35.7333,140.8333,61.29,57,1,15.66
158,Brae,GB,2021-10-23 00:40:35,60.3964,-1.353,39.11,66,88,5.66
159,Tsumeb,NA,2021-10-23 00:40:36,-19.2333,17.7167,70.03,20,4,9.73
160,Clive,US,2021-10-23 00:40:36,41.603,-93.7241,45.48,83,20,5.75
161,Kaa-Khem,RU,2021-10-23 00:40:36,51.6833,94.7333,33.1,48,100,2.28
162,Chokurdakh,RU,2021-10-23 00:40:37,70.6333,147.9167,-10.8,99,99,2.95
163,Tessalit,ML,2021-10-23 00:40:37,20.1986,1.0114,79.88,22,5,7.96
164,Inongo,CD,2021-10-23 00:40:38,-1.95,18.2667,71.38,91,98,1.99
165,Mount Isa,AU,2021-10-23 00:40:38,-20.7333,139.5,80.37,47,100,21.85
166,Sidi Ali,DZ,2021-10-23 00:40:39,36.0998,0.4206,61.68,86,35,6.64
167,Karad,IN,2021-10-23 00:40:39,17.2833,74.2,69.33,69,43,3.2
168,Viedma,AR,2021-10-23 00:39:44,-40.8135,-62.9967,45.27,79,0,7.94
169,Pozo Colorado,PY,2021-10-23 00:40:39,-23.4923,-58.7972,80.89,48,4,7.99
170,Nenjiang,CN,2021-10-23 00:40:40,49.1833,125.2167,42.75,58,91,8.86
171,Butaritari,KI,2021-10-23 00:40:40,3.0707,172.7902,82.13,78,71,18.52
172,Isangel,VU,2021-10-23 00:40:41,-19.55,169.2667,84.31,70,20,9.22
173,Kostino,RU,2021-10-23 00:40:41,58.9097,53.2691,43.57,80,100,13.18
174,Harper,LR,2021-10-23 00:39:23,4.375,-7.7169,76.64,89,97,7.43
175,Najran,SA,2021-10-23 00:40:42,17.4924,44.1277,63.25,36,93,1.48
176,Antofagasta,CL,2021-10-23 00:36:03,-23.65,-70.4,60.08,77,48,4.68
177,Whakatane,NZ,2021-10-23 00:40:42,-37.9585,176.9854,60.51,67,99,5.99
178,Champerico,GT,2021-10-23 00:40:43,14.3,-91.9167,84.74,80,44,6.35
179,Lermontovka,RU,2021-10-23 00:40:43,47.1453,134.3383,44.73,53,5,6.58
180,El Rosario,MX,2021-10-23 00:40:43,24.2556,-107.1828,89.8,80,0,5.46
181,Namatanai,PG,2021-10-23 00:40:44,-3.6667,152.4333,85.19,64,94,9.57
182,Champua,IN,2021-10-23 00:40:44,22.0833,85.6667,66.76,72,39,2.15
183,Cordoba,AR,2021-10-23 00:36:02,-31.4135,-64.1811,69.76,64,75,15.01
184,Gigante,CO,2021-10-23 00:40:45,2.3868,-75.5453,70.2,91,98,3.2
185,Gillette,US,2021-10-23 00:40:46,44.2911,-105.5022,58.12,52,1,3.0
186,Lewistown,US,2021-10-23 00:40:46,40.5992,-77.5714,56.89,100,75,0.0
187,Evensk,RU,2021-10-23 00:40:46,61.95,159.2333,11.59,66,64,5.35
188,Sitka,US,2021-10-23 00:40:47,57.0531,-135.33,49.89,62,90,13.8
189,Ixtapa,MX,2021-10-23 00:40:47,20.7,-105.2,87.03,70,75,5.75
190,Zhezkazgan,KZ,2021-10-23 00:40:48,47.8043,67.7144,39.67,76,99,17.96
191,Cabo San Lucas,MX,2021-10-23 00:39:53,22.8909,-109.9124,84.51,69,1,10.36
192,Lagoa,PT,2021-10-23 00:40:48,39.05,-27.9833,68.25,85,55,13.71
193,Santa Rosalia,MX,2021-10-23 00:40:49,27.3167,-112.2833,76.08,51,0,1.16
194,Merauke,ID,2021-10-23 00:40:49,-8.4667,140.3333,86.79,58,73,7.23
195,Codrington,AU,2021-10-23 00:40:49,-38.2667,141.9667,55.99,81,35,14.38
196,Klishkivtsi,UA,2021-10-23 00:40:50,48.4316,26.2623,54.66,65,100,5.53
197,Fare,PF,2021-10-23 00:40:50,-16.7,-151.0167,76.69,89,100,22.93
198,San Quintin,MX,2021-10-23 00:40:51,30.4833,-115.95,64.63,81,5,18.99
199,Cap Malheureux,MU,2021-10-23 00:40:51,-19.9842,57.6142,72.46,85,87,3.0
200,Quatre Cocos,MU,2021-10-23 00:40:51,-20.2078,57.7625,72.09,85,38,14.09
201,Cherskiy,RU,2021-10-23 00:40:52,68.75,161.3,0.99,96,100,3.36
202,Kaeo,NZ,2021-10-23 00:40:53,-35.1,173.7833,59.32,97,100,18.63
203,Yerbogachen,RU,2021-10-23 00:40:53,61.2767,108.0108,34.21,81,30,8.37
204,Vao,NC,2021-10-23 00:40:53,-22.6667,167.4833,73.09,79,0,6.35
205,Ahipara,NZ,2021-10-23 00:40:54,-35.1667,173.1667,60.42,94,100,20.27
206,Havre-Saint-Pierre,CA,2021-10-23 00:40:54,50.2334,-63.5986,50.59,93,90,13.8
207,Antalaha,MG,2021-10-23 00:40:54,-14.9003,50.2788,71.87,94,18,3.29
208,Airai,TL,2021-10-23 00:40:55,-8.9266,125.4092,77.32,43,62,1.57
209,Fortuna,US,2021-10-23 00:40:55,40.5982,-124.1573,59.36,74,40,1.99
210,Port Blair,IN,2021-10-23 00:40:56,11.6667,92.75,76.3,90,100,9.71
211,Tuatapere,NZ,2021-10-23 00:40:56,-46.1333,167.6833,65.59,53,95,4.25
212,Sibut,CF,2021-10-23 00:40:56,5.718,19.0739,69.8,97,89,0.18
213,Nioro,GM,2021-10-23 00:40:57,13.35,-15.75,75.7,85,58,5.39
214,Menzelinsk,RU,2021-10-23 00:40:57,55.7271,53.1026,49.24,88,32,15.97
215,Taitung,TW,2021-10-23 00:40:58,22.7583,121.1444,75.47,64,75,10.36
216,Kahului,US,2021-10-23 00:40:58,20.8947,-156.47,84.22,67,20,24.16
217,High Level,CA,2021-10-23 00:40:58,58.5169,-117.136,44.71,61,75,10.36
218,Borgarnes,IS,2021-10-23 00:40:59,64.5383,-21.9206,48.25,86,100,5.88
219,Sungairaya,ID,2021-10-23 00:41:00,0.7,108.9,81.41,75,14,2.93
220,Sobolevo,RU,2021-10-23 00:41:00,54.4299,31.8996,42.85,68,84,15.46
221,Sorong,ID,2021-10-23 00:38:47,-0.8833,131.25,82.98,65,60,4.05
222,Aklavik,CA,2021-10-23 00:41:01,68.2191,-135.0107,34.52,93,100,14.94
223,Sterlitamak,RU,2021-10-23 00:41:02,53.6246,55.9502,46.0,85,33,12.28
224,Alice Springs,AU,2021-10-23 00:41:02,-23.7,133.8833,76.55,29,0,17.27
225,Chaykovskaya,RU,2021-10-23 00:41:03,58.1279,55.5378,49.89,79,100,14.07
226,Arrecife,ES,2021-10-23 00:41:03,28.963,-13.5477,71.67,68,75,10.36
227,Nemuro,JP,2021-10-23 00:41:03,43.3236,145.575,48.63,76,97,6.22
228,Dikson,RU,2021-10-23 00:41:04,73.5069,80.5464,13.77,87,100,16.58
229,Boa Vista,BR,2021-10-23 00:41:04,2.8197,-60.6733,80.58,74,20,0.0
230,Borogontsy,RU,2021-10-23 00:41:05,62.6683,131.1683,21.76,91,100,1.86
231,Kabalo,CD,2021-10-23 00:41:05,-6.05,26.9167,68.63,94,100,1.1
232,Nyurba,RU,2021-10-23 00:41:05,63.2842,118.3319,32.94,88,55,8.46
233,Bolobo,CD,2021-10-23 00:41:06,-2.1667,16.2333,71.26,96,67,3.0
234,Northam,GB,2021-10-23 00:41:06,51.0333,-4.2167,52.09,81,100,7.83
235,Usinsk,RU,2021-10-23 00:41:07,65.9939,57.5281,31.95,99,100,4.9
236,Barra,BR,2021-10-23 00:41:07,-11.0894,-43.1417,79.07,65,86,4.27
237,Hami,CN,2021-10-23 00:41:08,42.8,93.45,51.64,28,6,11.05
238,Kinablangan,PH,2021-10-23 00:41:08,7.6947,126.5503,83.75,70,100,4.03
239,Morgan City,US,2021-10-23 00:41:09,29.6994,-91.2068,80.6,87,38,4.59
240,Yelizovo,RU,2021-10-23 00:41:09,53.1873,158.3805,37.54,65,75,4.47
241,Talnakh,RU,2021-10-23 00:41:10,69.4865,88.3972,25.3,97,100,7.83
242,Sola,VU,2021-10-23 00:41:10,-13.8833,167.55,86.67,74,75,5.75
243,Padang,ID,2021-10-23 00:41:11,-0.9492,100.3543,81.14,79,93,1.61
244,Sao Miguel Do Araguaia,BR,2021-10-23 00:41:11,-13.275,-50.1628,77.05,70,100,3.94
245,Alofi,NU,2021-10-23 00:41:11,-19.0595,-169.9187,78.69,57,100,16.11
246,Bambous Virieux,MU,2021-10-23 00:41:12,-20.3428,57.7575,72.21,100,75,3.44
247,Mitsamiouli,KM,2021-10-23 00:41:12,-11.3847,43.2844,76.48,77,85,8.05
248,Tazovskiy,RU,2021-10-23 00:41:13,67.4667,78.7,20.89,97,79,1.01
249,Yongchang,CN,2021-10-23 00:41:13,30.0381,119.7317,58.55,61,96,2.68
250,Swellendam,ZA,2021-10-23 00:41:13,-34.0226,20.4417,55.78,73,78,14.56
251,Prachuap Khiri Khan,TH,2021-10-23 00:41:14,12.2167,99.75,73.71,89,100,2.89
252,Troitskoye,RU,2021-10-23 00:41:14,52.9821,84.6757,38.25,52,76,17.02
253,Cidreira,BR,2021-10-23 00:41:15,-30.1811,-50.2056,65.43,87,1,9.75
254,Beloha,MG,2021-10-23 00:41:15,-25.1667,45.05,64.51,82,100,11.12
255,Kohtla-Jarve,EE,2021-10-23 00:41:16,59.3986,27.2731,39.88,93,100,17.07
256,Nanortalik,GL,2021-10-23 00:41:16,60.1432,-45.2371,39.0,97,100,9.89
257,Hirara,JP,2021-10-23 00:41:17,24.8,125.2833,75.47,60,75,12.66
258,Nantucket,US,2021-10-23 00:40:51,41.2835,-70.0995,64.51,84,40,9.22
259,Shenzhen,CN,2021-10-23 00:41:17,22.5455,114.0683,68.14,80,98,8.43
260,Mortka,RU,2021-10-23 00:41:18,59.3322,66.0214,45.39,94,100,13.18
261,Keuruu,FI,2021-10-23 00:41:18,62.2667,24.7,32.81,92,100,11.99
262,Nalut,LY,2021-10-23 00:41:19,30.3333,10.85,72.73,28,100,11.41
263,Markova,UA,2021-10-23 00:41:19,48.6758,24.4138,49.8,73,61,10.22
264,Carutapera,BR,2021-10-23 00:41:20,-1.195,-46.02,76.77,93,87,5.86
265,Valparaiso,CL,2021-10-23 00:39:07,-33.0393,-71.6273,55.04,58,0,8.05
266,Bairnsdale,AU,2021-10-23 00:41:20,-37.8333,147.6167,62.06,95,68,6.17
267,Ust-Nera,RU,2021-10-23 00:41:21,64.5667,143.2,9.52,92,87,1.14
268,Smederevo,RS,2021-10-23 00:36:35,44.6628,20.93,55.38,96,100,2.64
269,Ylojarvi,FI,2021-10-23 00:41:21,61.5563,23.5961,32.95,98,90,8.05
270,Tautira,PF,2021-10-23 00:41:22,-17.7333,-149.15,73.42,86,83,30.15
271,Boras,SE,2021-10-23 00:41:22,57.721,12.9401,44.62,73,0,8.28
272,Komsomolskiy,UZ,2021-10-23 00:41:22,40.4272,71.7189,39.92,65,16,2.3
273,Zhigansk,RU,2021-10-23 00:41:23,66.7697,123.3711,19.09,95,100,5.3
274,Priladozhskiy,RU,2021-10-23 00:41:23,59.85,31.4833,45.63,1,100,15.86
275,Pangnirtung,CA,2021-10-23 00:41:24,66.1451,-65.7125,24.12,57,96,7.9
276,Alekseyevskaya,RU,2021-10-23 00:41:24,50.2896,42.1845,50.14,86,95,6.71
277,Vilyuysk,RU,2021-10-23 00:41:25,63.7553,121.6247,32.16,90,88,10.0
278,Nosy Varika,MG,2021-10-23 00:41:25,-20.5833,48.5333,70.48,89,53,6.51
279,Mecca,SA,2021-10-23 00:39:00,21.4267,39.8261,80.96,37,18,0.38
280,Gravdal,NO,2021-10-23 00:41:25,68.1214,13.5031,38.35,51,100,4.7
281,Chuy,UY,2021-10-23 00:41:26,-33.6971,-53.4616,56.98,74,100,5.93
282,Okha,RU,2021-10-23 00:41:26,53.5739,142.9478,39.85,80,100,16.06
283,Fort Nelson,CA,2021-10-23 00:41:27,58.8053,-122.7002,47.79,61,75,4.61
284,Bonavista,CA,2021-10-23 00:41:27,48.6499,-53.1147,53.11,78,100,6.51
285,Inta,RU,2021-10-23 00:41:27,66.0317,60.1659,30.94,97,100,6.98
286,Katsina,NG,2021-10-23 00:41:28,12.9894,7.6006,77.43,61,56,14.14
287,Port Lincoln,AU,2021-10-23 00:41:28,-34.7333,135.8667,59.72,53,6,16.42
288,Fort Morgan,US,2021-10-23 00:41:29,40.2503,-103.8,63.82,18,1,5.75
289,Saint-Georges,GD,2021-10-23 00:41:29,12.0564,-61.7485,82.08,83,40,16.11
290,Lompoc,US,2021-10-23 00:38:45,34.6391,-120.4579,73.13,86,90,10.36
291,Vangaindrano,MG,2021-10-23 00:41:30,-23.35,47.6,68.72,83,100,0.98
292,Atherton,GB,2021-10-23 00:41:31,53.5237,-2.4935,50.22,91,61,1.01
293,Rio Gallegos,AR,2021-10-23 00:41:31,-51.6226,-69.2181,46.45,49,75,31.07
294,Nivala,FI,2021-10-23 00:41:31,63.9167,24.9667,29.68,82,100,11.72
295,East Wenatchee Bench,US,2021-10-23 00:41:32,47.4257,-120.2812,56.39,81,40,5.75
296,Srednekolymsk,RU,2021-10-23 00:41:32,67.45,153.6833,-3.19,91,61,1.59
297,Araouane,ML,2021-10-23 00:41:33,18.9048,-3.5265,79.25,22,2,8.14
298,Kaitangata,NZ,2021-10-23 00:41:33,-46.2817,169.8464,60.35,62,100,6.22
299,Hamilton,US,2021-10-23 00:41:33,39.1834,-84.5333,53.76,96,90,6.91
300,Baykit,RU,2021-10-23 00:41:34,61.67,96.37,34.56,79,100,11.61
301,Kathmandu,NP,2021-10-23 00:41:34,27.7167,85.3167,64.62,94,75,2.3
302,Besleney,RU,2021-10-23 00:41:35,44.2405,41.7387,48.07,46,0,6.98
303,Rio Grande,BR,2021-10-23 00:41:35,-32.035,-52.0986,60.94,83,7,8.77
304,Tasiilaq,GL,2021-10-23 00:41:36,65.6145,-37.6368,37.56,91,100,9.82
305,Camacha,PT,2021-10-23 00:41:36,33.0833,-16.3333,65.62,68,40,8.05
306,Poya,NC,2021-10-23 00:41:36,-21.35,165.15,79.03,66,1,7.27
307,San Vicente,AR,2021-10-23 00:41:37,-26.6167,-54.1333,61.79,72,3,3.24
308,Seguela,CI,2021-10-23 00:41:37,7.9611,-6.6731,71.26,97,73,4.88
309,Bellefontaine,US,2021-10-23 00:39:53,40.3612,-83.7597,48.52,92,100,1.45
310,Binabalian,PH,2021-10-23 00:41:38,16.4202,119.9279,81.68,78,26,7.38
311,Los Llanos De Aridane,ES,2021-10-23 00:41:38,28.6585,-17.9182,65.95,78,20,1.01
312,Polessk,RU,2021-10-23 00:41:39,54.862,21.1028,41.05,70,9,17.92
313,Paracuru,BR,2021-10-23 00:41:39,-3.41,-39.0306,81.1,80,72,9.55
314,Ucluelet,CA,2021-10-23 00:40:30,48.9329,-125.5528,56.05,85,100,6.62
315,Manta,EC,2021-10-23 00:41:40,-0.95,-80.7333,74.98,78,75,11.5
316,Wuwei,CN,2021-10-23 00:41:40,37.9281,102.6414,48.15,53,100,4.03
317,Iquique,CL,2021-10-23 00:41:40,-20.2208,-70.1431,60.84,75,53,2.37
318,Coihaique,CL,2021-10-23 00:40:18,-45.5752,-72.0662,44.55,65,75,4.61
319,East Grand Rapids,US,2021-10-23 00:41:41,42.9411,-85.61,47.82,90,90,0.0
320,Cameron Park,US,2021-10-23 00:41:41,38.6688,-120.9872,64.26,82,100,1.01
321,Atar,MR,2021-10-23 00:41:42,20.5169,-13.0499,77.16,21,100,5.73
322,Zhaotong,CN,2021-10-23 00:41:42,27.3167,103.7167,43.5,88,100,2.51
323,Te Anau,NZ,2021-10-23 00:41:42,-45.4167,167.7167,63.28,50,99,2.35
324,Poum,NC,2021-10-23 00:41:43,-20.2333,164.0167,75.07,75,0,13.6
325,Jojoima,SL,2021-10-23 00:41:43,7.8792,-10.7878,72.7,100,100,1.95
326,Bud,US,2021-10-23 00:41:44,39.447,-86.1758,52.21,96,100,5.32
327,Nueva Concepcion,GT,2021-10-23 00:41:44,14.2,-91.3,84.15,90,51,5.46
328,Hangu,CN,2021-10-23 00:41:44,39.2489,117.7892,46.44,45,100,4.65
329,Rio Tercero,AR,2021-10-23 00:41:45,-32.173,-64.1141,55.49,79,41,11.5
330,Coahuayana,MX,2021-10-23 00:41:45,18.7333,-103.6833,83.68,90,100,3.94
331,Ambon,ID,2021-10-23 00:41:46,-3.6954,128.1814,86.14,70,40,3.44
332,Katobu,ID,2021-10-23 00:41:46,-4.9408,122.5276,87.26,60,86,2.66
333,Leningradskiy,RU,2021-10-23 00:41:47,69.3833,178.4167,5.32,85,31,8.19
334,Teacapan,MX,2021-10-23 00:41:47,22.55,-105.75,81.14,81,0,7.34
335,Belaya Gora,RU,2021-10-23 00:41:47,68.5333,146.4167,-6.27,89,48,1.19
336,Yar-Sale,RU,2021-10-23 00:41:48,66.8333,70.8333,27.59,93,94,8.52
337,Makakilo City,US,2021-10-23 00:41:48,21.3469,-158.0858,86.32,58,40,13.8
338,Svetlogorsk,BY,2021-10-23 00:41:49,52.6333,29.7333,43.09,61,10,15.12
339,Yenagoa,NG,2021-10-23 00:41:49,4.9247,6.2642,74.07,98,100,1.34
340,Fray Bentos,UY,2021-10-23 00:41:49,-33.1325,-58.2956,68.74,77,100,10.51
341,Narsaq,GL,2021-10-23 00:41:50,60.9167,-46.05,37.62,99,100,3.94
342,Taveta,KE,2021-10-23 00:41:50,-3.3963,37.6736,67.57,78,46,3.27
343,Sahuaripa,MX,2021-10-23 00:41:51,29.05,-109.2333,78.96,25,40,5.68
344,La Rioja,ES,2021-10-23 00:41:51,42.25,-2.5,43.48,82,89,4.07
345,Berlevag,NO,2021-10-23 00:41:51,70.8578,29.0864,33.82,63,100,18.37
346,Cockburn Town,TC,2021-10-23 00:41:52,21.4612,-71.1419,82.36,69,40,9.22
347,Oistins,BB,2021-10-23 00:41:52,13.0667,-59.5333,82.49,74,40,23.02
348,Zaqatala,AZ,2021-10-23 00:41:53,41.6336,46.6433,43.27,87,0,4.61
349,Benghazi,LY,2021-10-23 00:41:53,32.1167,20.0667,73.26,49,37,11.54
350,Manaus,BR,2021-10-23 00:41:53,-3.1019,-60.025,77.5,94,75,2.3
351,Nuevo Progreso,MX,2021-10-23 00:41:54,23.1667,-97.95,81.59,70,100,1.99
352,Tirumullaivasal,IN,2021-10-23 00:41:54,11.2333,79.8333,79.66,83,98,4.29
353,Brawley,US,2021-10-23 00:41:55,32.9787,-115.5303,93.45,12,1,5.75
354,Saldanha,ZA,2021-10-23 00:41:55,-33.0117,17.9442,55.45,88,100,22.82
355,Vila,PT,2021-10-23 00:41:55,42.0304,-8.1588,49.33,92,0,3.76
356,San Policarpo,PH,2021-10-23 00:41:56,12.1791,125.5072,79.16,82,100,7.4
357,Saint-Denis,FR,2021-10-23 00:41:56,48.9167,2.3333,49.75,89,90,2.3
358,Provideniya,RU,2021-10-23 00:41:57,64.3833,-173.3,27.77,75,100,8.14
359,Ondjiva,AO,2021-10-23 00:41:57,-17.0667,15.7333,63.07,30,5,4.36
360,Lebu,CL,2021-10-23 00:41:57,-37.6167,-73.65,50.68,65,61,17.38
361,Berovo,MK,2021-10-23 00:41:58,41.7031,22.8578,49.6,81,100,0.87
362,Yumen,CN,2021-10-23 00:41:58,40.2833,97.2,40.64,33,0,10.16
363,Mokhsogollokh,RU,2021-10-23 00:41:59,61.4681,128.9203,32.4,98,100,4.09
364,Pimentel,PE,2021-10-23 00:41:59,-6.8367,-79.9342,64.49,87,100,12.66
365,Ambulu,ID,2021-10-23 00:42:00,-8.345,113.6058,81.27,77,100,1.77
366,Slonim,BY,2021-10-23 00:42:00,53.0867,25.3219,43.18,80,40,13.4
367,Bagdarin,RU,2021-10-23 00:42:01,54.4333,113.6,33.89,60,21,1.34
368,Yerofey Pavlovich,RU,2021-10-23 00:42:01,53.9667,121.9667,37.92,63,8,2.21
369,Garowe,SO,2021-10-23 00:42:02,8.4054,48.4845,73.18,78,24,10.11
370,Chernyshevskiy,RU,2021-10-23 00:42:02,63.0128,112.4714,30.88,88,80,5.84
371,Batagay-Alyta,RU,2021-10-23 00:42:03,67.8006,130.4114,7.79,94,100,0.43
372,Limbdi,IN,2021-10-23 00:42:03,22.5667,71.8,72.55,72,6,5.75
373,Udachnyy,RU,2021-10-23 00:42:04,66.4167,112.4,11.39,97,99,2.84
374,Buraydah,SA,2021-10-23 00:37:11,26.326,43.975,70.25,37,0,6.42
375,Cairns,AU,2021-10-23 00:42:04,-16.9167,145.7667,96.94,66,91,9.22
376,Chama,CH,2021-10-23 00:42:05,47.1821,8.4636,46.65,84,75,0.0
377,Sampit,ID,2021-10-23 00:42:05,-2.5333,112.95,79.56,85,100,1.21
378,Marienburg,PL,2021-10-23 00:38:30,54.0359,19.0266,48.96,80,33,18.07
379,Formosa,AR,2021-10-23 00:37:22,-26.1775,-58.1781,75.18,69,75,5.75
380,Bograd,RU,2021-10-23 00:42:06,54.2344,90.8328,35.35,90,70,2.59
381,Tadine,NC,2021-10-23 00:42:06,-21.55,167.8833,78.44,72,2,3.33
382,Ust-Maya,RU,2021-10-23 00:42:07,60.4167,134.5333,29.05,81,100,5.5
383,Oussouye,SN,2021-10-23 00:42:07,12.485,-16.5469,82.49,82,11,5.75
384,Marmande,FR,2021-10-23 00:42:08,44.5,0.1667,47.75,95,0,5.17
385,Bajil,YE,2021-10-23 00:42:08,15.0584,43.2851,83.03,74,91,4.65
386,Ust-Kan,RU,2021-10-23 00:42:09,50.9276,84.761,25.72,76,5,6.98
387,Lavrentiya,RU,2021-10-23 00:42:09,65.5833,-171.0,24.28,82,100,12.95
388,Peniche,PT,2021-10-23 00:42:09,39.3558,-9.3811,63.63,84,5,11.45
389,Imbituba,BR,2021-10-23 00:42:10,-28.24,-48.6703,69.82,92,3,11.03
390,Sabha,LY,2021-10-23 00:42:10,27.0377,14.4283,75.16,28,79,18.01
391,Buarcos,PT,2021-10-23 00:42:11,40.166,-8.8768,68.34,86,3,5.88
392,Florianopolis,BR,2021-10-23 00:42:11,-27.6146,-48.5012,67.37,83,75,3.0
393,Ostrovnoy,RU,2021-10-23 00:42:11,68.0531,39.5131,34.27,65,100,22.75
394,Nishihara,JP,2021-10-23 00:42:12,26.1842,127.7558,74.48,57,75,9.22
395,La Romana,DO,2021-10-23 00:42:12,18.4273,-68.9728,79.16,83,20,5.75
396,Springbok,ZA,2021-10-23 00:42:13,-29.6643,17.8865,47.97,84,100,19.26
397,Ampanihy,MG,2021-10-23 00:42:13,-24.7,44.75,64.04,83,100,9.75
398,Marsa Matruh,EG,2021-10-23 00:42:14,31.3525,27.2453,64.6,63,40,3.44
399,Mantua,IT,2021-10-23 00:42:15,45.1667,10.7833,55.72,95,0,1.1
400,Oranjemund,NA,2021-10-23 00:42:15,-28.55,16.4333,56.91,80,0,16.26
401,Port-Gentil,GA,2021-10-23 00:42:15,-0.7193,8.7815,78.3,84,100,12.3
402,Alcudia,ES,2021-10-23 00:42:16,39.8532,3.1214,67.19,59,100,25.32
403,Santa Rosa,PH,2021-10-23 00:42:16,14.3122,121.1114,87.85,67,97,11.03
404,Tabory,RU,2021-10-23 00:42:17,58.5198,64.5495,48.11,86,100,13.31
405,Churapcha,RU,2021-10-23 00:42:17,62.0025,132.4325,23.4,93,100,4.16
406,Lagos,NG,2021-10-23 00:42:18,6.5833,3.75,77.32,95,100,3.42
407,Arlit,NE,2021-10-23 00:42:18,18.7369,7.3853,84.96,15,11,10.33
408,Horsham,GB,2021-10-23 00:42:18,51.064,-0.3272,50.7,73,0,2.3
409,Rhyl,GB,2021-10-23 00:42:19,53.3196,-3.4886,52.03,90,23,7.96
410,Sai Buri,TH,2021-10-23 00:42:19,6.7013,101.6168,80.96,77,63,2.42
411,Humberto De Campos,BR,2021-10-23 00:42:20,-2.5983,-43.4611,75.99,93,94,3.96
412,Potoru,SL,2021-10-23 00:42:20,7.5072,-11.4786,73.06,99,100,1.86
413,Ponta Delgada,PT,2021-10-23 00:42:20,37.7333,-25.6667,70.52,73,75,8.05
414,Grindavik,IS,2021-10-23 00:42:21,63.8424,-22.4338,48.15,100,90,14.97
415,Gotsu,JP,2021-10-23 00:42:21,35.0,132.2167,59.14,61,96,12.39
416,Stepnoye,RU,2021-10-23 00:42:22,51.4,46.8667,50.76,88,100,9.82
417,Sao Joao Do Paraiso,BR,2021-10-23 00:42:22,-15.3136,-42.0144,66.09,94,84,2.66
418,Hualmay,PE,2021-10-23 00:42:22,-11.0964,-77.6139,63.01,83,37,10.56
419,Muroto,JP,2021-10-23 00:42:23,33.2833,134.15,64.44,51,0,12.86
420,Lasa,IT,2021-10-23 00:42:23,46.6166,10.7002,47.66,83,18,4.07
421,Ilulissat,GL,2021-10-23 00:42:24,69.2167,-51.1,3.74,74,97,8.14
422,Iqaluit,CA,2021-10-23 00:42:24,63.7506,-68.5145,26.33,86,90,5.99
423,Chongwe,ZM,2021-10-23 00:42:24,-15.3292,28.682,69.62,48,79,2.73
424,Ulaanbaatar,MN,2021-10-23 00:41:59,47.9077,106.8832,19.53,79,0,0.0
425,San Carlos De Bariloche,AR,2021-10-23 00:42:25,-41.1456,-71.3082,46.15,57,40,23.02
426,Lebanon,US,2021-10-23 00:37:59,36.2081,-86.2911,58.96,75,90,3.44
427,Richards Bay,ZA,2021-10-23 00:42:26,-28.783,32.0377,67.26,88,5,3.85
428,Qaqortoq,GL,2021-10-23 00:42:26,60.7167,-46.0333,37.9,98,100,2.08
429,Kerman,IR,2021-10-23 00:42:27,30.2832,57.0788,40.86,48,0,4.61
430,Carauari,BR,2021-10-23 00:42:27,-4.8828,-66.8958,76.95,85,85,1.14
431,Sechura,PE,2021-10-23 00:42:27,-5.5569,-80.8222,67.42,79,100,15.46
432,Prado,BR,2021-10-23 00:42:28,-17.3411,-39.2208,72.39,91,100,7.23
433,Waw,SS,2021-10-23 00:42:28,7.7029,27.9953,71.94,90,100,3.42
434,Westport,US,2021-10-23 00:40:44,41.1415,-73.3579,64.78,78,90,5.01
435,Teknaf,BD,2021-10-23 00:42:29,20.8624,92.3058,75.7,81,100,2.82
436,Paravur,IN,2021-10-23 00:42:29,8.7833,76.7,80.62,88,100,3.62
437,Katsuura,JP,2021-10-23 00:42:30,35.1333,140.3,66.18,59,3,13.62
438,Nawabshah,PK,2021-10-23 00:42:30,26.2483,68.4096,66.16,72,0,4.61
439,Omsukchan,RU,2021-10-23 00:42:31,62.5333,155.8,3.92,76,99,1.81
440,Pacific Grove,US,2021-10-23 00:40:44,36.6177,-121.9166,63.81,84,40,3.0
441,Hanzhong,CN,2021-10-23 00:42:31,33.0728,107.0303,54.27,75,100,2.35
442,Bukachacha,RU,2021-10-23 00:42:32,52.9833,116.9167,36.16,64,12,1.34
443,Safakulevo,RU,2021-10-23 00:42:32,54.9901,62.5442,44.29,85,100,15.3
444,Houma,US,2021-10-23 00:42:33,29.5958,-90.7195,80.6,84,40,3.44
445,Rivera,UY,2021-10-23 00:38:22,-30.9053,-55.5508,59.76,79,0,5.14
446,Linhai,CN,2021-10-23 00:42:33,28.85,121.1167,61.93,56,99,3.11
447,Sioux Lookout,CA,2021-10-23 00:42:33,50.1001,-91.917,39.27,81,75,5.75
448,Toamasina,MG,2021-10-23 00:42:34,-18.1667,49.3833,73.4,94,75,1.14
449,Dongsheng,CN,2021-10-23 00:42:34,39.8161,109.9776,40.51,55,7,12.3
450,Constitucion,CL,2021-10-23 00:42:35,-35.3333,-72.4167,49.6,85,0,13.44
451,Bonthe,SL,2021-10-23 00:42:35,7.5264,-12.505,76.84,89,100,2.86
452,Vilhena,BR,2021-10-23 00:42:36,-12.7406,-60.1458,70.0,95,100,3.27
453,Mersing,MY,2021-10-23 00:42:36,2.4312,103.8405,75.11,94,40,2.3
454,Gambo,CF,2021-10-23 00:42:36,4.6482,22.2633,68.81,97,27,0.96
455,Arcata,US,2021-10-23 00:42:37,40.8665,-124.0828,59.63,75,75,3.0
456,Waddan,LY,2021-10-23 00:42:37,29.1614,16.139,72.86,32,65,10.38
457,Novyy Urengoy,RU,2021-10-23 00:42:38,66.0833,76.6333,28.13,94,100,8.81
458,Kyren,RU,2021-10-23 00:42:38,51.6828,102.1408,35.76,54,10,1.3
459,Puksoozero,RU,2021-10-23 00:42:38,62.5903,40.6066,37.45,95,100,5.35
460,Luanda,AO,2021-10-23 00:42:39,-8.8368,13.2343,75.24,85,95,7.9
461,Kiruna,SE,2021-10-23 00:42:39,67.8557,20.2251,20.32,86,90,4.61
462,Big Bend,SZ,2021-10-23 00:42:40,-26.8167,31.9333,77.97,77,0,2.3
463,Taoudenni,ML,2021-10-23 00:42:40,22.6783,-3.9836,78.15,27,0,7.78
464,Szczytno,PL,2021-10-23 00:42:40,53.5626,20.9875,39.13,93,40,11.5
465,Mehamn,NO,2021-10-23 00:39:46,71.0357,27.8492,32.65,66,100,15.35
466,Broken Hill,AU,2021-10-23 00:42:41,-31.95,141.4333,67.71,49,75,18.41
467,Kalaleh,IR,2021-10-23 00:42:41,37.3807,55.4916,46.0,76,0,0.0
468,Hoi An,VN,2021-10-23 00:42:42,15.8794,108.335,73.36,87,100,19.69
469,Nome,US,2021-10-23 00:42:42,64.5011,-165.4064,39.27,56,90,20.71
470,Cooma,AU,2021-10-23 00:42:43,-36.2333,149.1333,64.17,67,90,5.75
471,Nevsehir,TR,2021-10-23 00:42:43,38.9167,34.6667,36.61,48,0,10.36
472,Teahupoo,PF,2021-10-23 00:42:43,-17.8333,-149.2667,67.96,87,98,27.63
473,Jalu,LY,2021-10-23 00:42:44,29.0331,21.5482,68.77,42,12,10.89
474,Buin,CL,2021-10-23 00:42:44,-33.7333,-70.75,61.74,54,22,2.42
475,Port Hardy,CA,2021-10-23 00:42:45,50.6996,-127.4199,50.0,87,90,6.91
476,Conakry,GN,2021-10-23 00:39:38,9.538,-13.6773,80.67,89,40,6.91
477,Nouadhibou,MR,2021-10-23 00:42:45,20.931,-17.0347,71.58,73,59,12.66
478,Bethanien,NA,2021-10-23 00:42:46,-26.502,17.1583,50.11,53,0,9.53
479,Mangrol,IN,2021-10-23 00:42:46,21.1167,70.1167,77.76,67,12,9.55
480,Mikuni,JP,2021-10-23 00:42:47,36.2171,136.1519,57.11,59,99,17.94
481,Fereydun Kenar,IR,2021-10-23 00:42:47,36.6864,52.5225,61.18,54,0,4.83
482,Crotone,IT,2021-10-23 00:42:47,39.0851,17.1178,67.95,100,0,11.5
483,Deputatskiy,RU,2021-10-23 00:42:48,69.3,139.9,-2.49,97,94,0.31
484,Torbay,CA,2021-10-23 00:42:48,47.6666,-52.7314,52.57,86,90,8.05
485,Innisfail,AU,2021-10-23 00:42:49,-17.5333,146.0333,96.87,57,100,8.37
486,Swan Hill,AU,2021-10-23 00:42:49,-35.3378,143.5544,70.66,42,6,15.17
487,Burgeo,CA,2021-10-23 00:42:49,47.6167,-57.6152,53.6,98,100,10.6
488,Berea,US,2021-10-23 00:39:47,41.3662,-81.8543,51.22,83,75,3.44
489,Bukama,CD,2021-10-23 00:42:50,-9.2,25.85,71.38,87,100,0.38
490,Monkey Bay,MW,2021-10-23 00:42:50,-14.0728,34.9201,77.86,66,18,2.82
491,Coquimbo,CL,2021-10-23 00:42:51,-29.9533,-71.3436,56.93,82,0,8.05
492,Tailai,CN,2021-10-23 00:42:51,46.3833,123.4,47.1,38,0,7.54
493,San Carlos,VE,2021-10-23 00:42:52,9.6612,-68.5827,76.95,71,100,3.78
494,Muyuka,CM,2021-10-23 00:42:52,4.2898,9.4103,74.8,98,100,0.63
495,Beaverlodge,CA,2021-10-23 00:42:52,55.2166,-119.4361,42.15,91,100,4.52
496,Soto La Marina,MX,2021-10-23 00:42:53,23.7667,-98.2167,79.77,83,4,5.97
497,Saint George,US,2021-10-23 00:42:31,37.1041,-113.5841,77.59,15,1,0.0
498,Husavik,IS,2021-10-23 00:42:53,66.0449,-17.3389,31.91,94,100,8.39
499,Sijunjung,ID,2021-10-23 00:42:54,-0.6876,100.9537,76.73,89,92,0.43
500,Nuuk,GL,2021-10-23 00:42:54,64.1835,-51.7216,29.01,54,20,31.07
501,Muli,MV,2021-10-23 00:42:55,2.9167,73.5667,82.49,70,48,13.02
502,Saint Anthony,US,2021-10-23 00:42:55,45.0205,-93.218,45.55,67,90,5.75
503,Kamen-Rybolov,RU,2021-10-23 00:42:55,44.7481,132.0403,49.48,42,1,9.35
504,Haines Junction,CA,2021-10-23 00:42:56,60.7522,-137.5108,39.15,81,100,1.14
505,A Coruna,ES,2021-10-23 00:41:03,43.3713,-8.396,52.9,88,0,1.01
506,Gornopravdinsk,RU,2021-10-23 00:42:56,60.05,69.9,39.79,96,100,11.39
507,Energetik,RU,2021-10-23 00:42:57,51.7445,58.7934,44.73,69,5,16.15
508,Agdas,AZ,2021-10-23 00:42:57,40.65,47.4761,40.87,66,0,3.15
509,Alma,CA,2021-10-23 00:42:57,48.5501,-71.6491,43.65,75,67,12.66
510,Talcahuano,CL,2021-10-23 00:42:58,-36.7167,-73.1167,53.28,62,0,19.57
511,Celestun,MX,2021-10-23 00:42:58,20.8667,-90.4,80.29,80,100,11.79
512,Portland,US,2021-10-23 00:38:22,45.5234,-122.6762,57.61,90,75,1.01
513,Erenhot,CN,2021-10-23 00:42:59,43.6475,111.9767,39.83,36,10,4.09
514,Tambo,PE,2021-10-23 00:42:59,-14.8,-73.9167,40.78,41,74,1.5
515,Bagepalli,IN,2021-10-23 00:43:00,13.7847,77.7931,70.14,92,36,5.06
516,Scarborough,GB,2021-10-23 00:43:01,54.2797,-0.4044,48.52,87,70,1.01
517,Ayan,RU,2021-10-23 00:43:01,56.45,138.1667,41.16,57,22,8.55
518,Beringovskiy,RU,2021-10-23 00:43:01,63.05,179.3167,17.62,80,100,14.27
519,Bama,NG,2021-10-23 00:43:02,11.5221,13.6856,80.46,55,47,3.94
520,Morondava,MG,2021-10-23 00:43:02,-20.2833,44.2833,68.81,80,100,5.7
521,Bulawayo,ZW,2021-10-23 00:43:03,-20.15,28.5833,69.12,44,5,2.73
522,Mnogovershinnyy,RU,2021-10-23 00:43:03,53.9353,139.9242,35.67,81,99,9.31
523,Mareeba,AU,2021-10-23 00:43:03,-17.0,145.4333,92.32,60,30,7.94
524,The Pas,CA,2021-10-23 00:43:04,53.8251,-101.2541,35.62,80,90,3.44
525,Samarai,PG,2021-10-23 00:43:04,-10.6167,150.6667,82.18,72,100,13.15
526,Cagliari,IT,2021-10-23 00:43:05,39.245,9.0912,63.91,75,0,5.75
527,Pittsburg,US,2021-10-23 00:43:05,38.028,-121.8847,65.68,66,20,3.0
528,Santa Isabel Do Rio Negro,BR,2021-10-23 00:43:05,-0.4139,-65.0192,78.78,78,89,0.98
529,Saldus,LV,2021-10-23 00:43:06,56.6636,22.4881,37.71,84,12,9.22
530,Hayrabolu,TR,2021-10-23 00:43:06,41.2131,27.1069,51.26,92,2,6.11
531,Nizwa,OM,2021-10-23 00:43:07,22.9333,57.5333,74.53,46,3,0.96
532,Elat,IL,2021-10-23 00:43:07,29.5581,34.9482,71.44,68,0,13.8
533,Necochea,AR,2021-10-23 00:42:03,-38.5473,-58.7368,53.04,91,100,6.51
534,Road Town,VG,2021-10-23 00:42:59,18.4167,-64.6167,83.19,78,20,11.5
535,Kajaani,FI,2021-10-23 00:43:08,64.2273,27.7285,32.05,74,90,14.97
536,Dodge City,US,2021-10-23 00:42:56,37.7528,-100.0171,68.25,59,1,3.44
537,Neepawa,CA,2021-10-23 00:43:09,50.2289,-99.4664,37.81,81,100,5.41
538,Fairbanks,US,2021-10-23 00:43:09,64.8378,-147.7164,46.36,58,20,0.0
539,Luwuk,ID,2021-10-23 00:43:09,-0.9516,122.7875,85.87,64,97,4.76
540,Galle,LK,2021-10-23 00:43:10,6.0367,80.217,79.92,75,85,5.61
541,Paamiut,GL,2021-10-23 00:43:10,61.994,-49.6678,35.2,73,7,18.14
542,Pyaozerskiy,RU,2021-10-23 00:43:11,65.8333,31.1667,29.1,78,100,13.13
543,Mount Gambier,AU,2021-10-23 00:43:11,-37.8333,140.7667,57.11,72,40,8.05
544,Pandan Niog,PH,2021-10-23 00:43:12,6.2282,120.5631,78.6,86,100,5.95
545,Uruguaiana,BR,2021-10-23 00:43:12,-29.7547,-57.0883,73.33,49,0,10.36
546,Hatillo,PR,2021-10-23 00:43:12,18.4863,-66.8254,81.9,76,10,1.01
547,Thunder Bay,CA,2021-10-23 00:43:13,48.4001,-89.3168,42.78,65,75,2.3
548,Thinadhoo,MV,2021-10-23 00:43:13,0.5333,72.9333,83.21,68,28,12.53
549,Aljezur,PT,2021-10-23 00:43:14,37.3191,-8.8033,58.1,62,0,8.48
550,San Cristobal,VE,2021-10-23 00:43:14,7.7669,-72.225,73.58,94,27,1.95
551,Shepsi,RU,2021-10-23 00:43:15,44.0361,39.1489,59.86,57,3,4.38
552,Gobabis,NA,2021-10-23 00:43:15,-22.45,18.9667,62.08,19,0,8.93
553,Banff,CA,2021-10-23 00:43:16,51.1762,-115.5698,47.43,70,100,8.05
554,Sasayama,JP,2021-10-23 00:43:16,35.0667,135.2167,61.36,55,38,15.39
555,Moree,AU,2021-10-23 00:43:17,-29.4667,149.85,84.22,51,0,17.27
556,Santiago,CL,2021-10-23 00:42:10,-33.4569,-70.6483,60.85,52,75,19.57
557,Silvan,TR,2021-10-23 00:43:17,38.1419,41.0081,41.29,31,0,2.15
558,Ljubovija,RS,2021-10-23 00:43:17,44.1894,19.3767,59.09,95,90,1.32
559,Marchena,ES,2021-10-23 00:43:18,37.329,-5.4168,63.63,66,0,3.42
560,Goderich,CA,2021-10-23 00:43:18,43.7501,-81.7165,42.91,75,100,5.75
561,Phaltan,IN,2021-10-23 00:43:19,17.9833,74.4333,70.11,70,14,0.98
562,Kilrush,IE,2021-10-23 00:43:19,52.6397,-9.4833,50.88,90,100,10.89
563,Pecos,US,2021-10-23 00:43:20,31.4229,-103.4932,85.03,24,1,5.75
564,West Fargo,US,2021-10-23 00:43:20,46.875,-96.9004,41.02,64,1,1.99
565,Buala,SB,2021-10-23 00:43:20,-8.145,159.5921,85.84,66,30,9.6
566,Cilegon,ID,2021-10-23 00:43:21,-6.0174,106.0538,80.49,72,100,3.98
567,Smirnykh,RU,2021-10-23 00:43:21,49.75,142.8333,40.01,62,67,4.34
568,Makushino,RU,2021-10-23 00:43:22,55.2103,67.2442,43.95,75,100,18.95
569,Ancud,CL,2021-10-23 00:43:22,-41.8697,-73.8203,48.42,70,93,9.91
570,Lodja,CD,2021-10-23 00:43:22,-3.4833,23.4333,68.59,97,99,0.56
571,Henties Bay,NA,2021-10-23 00:43:23,-22.116,14.2845,56.12,87,0,3.56
572,Lensk,RU,2021-10-23 00:43:23,60.7253,114.9278,36.27,84,88,10.22
573,Naze,JP,2021-10-23 00:43:24,28.3667,129.4833,70.72,57,83,14.16
574,Pervomayskoye,RU,2021-10-23 00:43:24,43.919,46.7102,50.49,73,0,4.12
575,Casablanca,MA,2021-10-23 00:43:17,33.5928,-7.6192,66.33,59,0,8.99
576,Tarut,SA,2021-10-23 00:43:25,26.5733,50.0369,80.58,51,0,14.0
577,Klang,MY,2021-10-23 00:43:25,3.0333,101.45,77.13,100,20,3.44
578,Egvekinot,RU,2021-10-23 00:43:25,66.3167,-179.1667,12.63,84,100,5.46
579,Vila Do Maio,CV,2021-10-23 00:43:26,15.1333,-23.2167,79.59,76,4,10.6
580,Jurado,CO,2021-10-23 00:43:27,7.1053,-77.7641,77.5,90,100,2.86
581,Ketchikan,US,2021-10-23 00:43:26,55.3422,-131.6461,46.4,84,100,14.97
582,Agadir,MA,2021-10-23 00:43:27,30.4202,-9.5982,59.45,86,0,5.79
583,Manokwari,ID,2021-10-23 00:43:28,-0.8667,134.0833,82.99,72,19,13.73
584,Labuhan,ID,2021-10-23 00:43:28,-6.8844,112.2051,84.6,65,74,4.36
585,Hervey Bay,AU,2021-10-23 00:43:28,-25.2986,152.8535,83.03,83,7,17.83
586,Eyemouth,GB,2021-10-23 00:43:29,55.8713,-2.0901,45.84,85,100,7.45
587,Vila Velha,BR,2021-10-23 00:43:29,-20.3297,-40.2925,69.75,88,40,3.44
588,Zhoucheng,CN,2021-10-23 00:43:30,35.9122,116.3117,57.02,50,95,4.68
589,Miri,MY,2021-10-23 00:43:30,4.4148,114.0089,77.14,88,20,4.61
590,Athlone,IE,2021-10-23 00:43:30,53.4333,-7.95,48.4,85,100,10.02
591,Almora,IN,2021-10-23 00:43:31,29.6167,79.6667,52.14,81,3,0.87
592,Eyl,SO,2021-10-23 00:43:31,7.9803,49.8164,76.68,80,9,3.49
593,Akyab,MM,2021-10-23 00:43:32,20.15,92.9,76.19,83,100,3.94
594,Winston-Salem,US,2021-10-23 00:43:32,36.0999,-80.2442,63.91,75,1,9.22
595,Port Hueneme,US,2021-10-23 00:43:33,34.1478,-119.1951,72.52,83,90,12.66
596,Ola,RU,2021-10-23 00:43:33,59.5833,151.2833,23.45,75,100,14.7
597,Kamina,CD,2021-10-23 00:43:34,-8.7386,24.9906,64.45,97,100,3.87
598,Monrovia,LR,2021-10-23 00:43:21,6.3005,-10.7969,76.96,87,100,3.47
599,Kasongo-Lunda,CD,2021-10-23 00:43:34,-6.4667,16.8167,70.32,99,80,1.01
600,Setermoen,NO,2021-10-23 00:43:35,68.861,18.3486,25.11,77,100,1.99
601,Balabanovo,RU,2021-10-23 00:43:35,55.1816,36.6606,42.26,72,100,12.48
602,Bushehr,IR,2021-10-23 00:43:35,28.9684,50.8385,80.02,44,0,13.38
603,Konya,TR,2021-10-23 00:43:36,38.1667,32.5,40.48,29,2,1.23
604,Zheleznodorozhnyy,RU,2021-10-23 00:43:36,55.7503,38.0042,43.21,69,100,12.73
